"id","id_openstreetmap","nome","latitude","longitude"

1,"2959161","Parco di Villalba",42.8203485196957,11.909387260692638

2,"2959925","I Prati di Stroncone",42.48227358172834,12.717515796300287

3,"2959209","Monti Martani",42.573345203413744,12.66809724074576

4,"2963422","Le Gole del Nera",42.52461750898746,12.510826250305882

5,"4130863","Rocca di Isola Polvese",43.11391796925862,12.138722701340392

6,"2962422","Isola Maggiore",43.17706038845741,12.088243968430367

7,"4135798","Santuario della Madonna dei Miracoli",43.19942169784184,12.224383481533371

8,"4130811","Piediluco, sport e relax sulla riva del lago",42.5367024066409,12.754343879836075

9,"4131256","Palazzo Museo Bourbon del Monte",43.43783258293214,12.16224291695923

10,"4137485","Paciano, borgo medievale sulle colline del Trasimeno",43.02459957975003,12.066449692653109

11,"4129982","Il piccolo borgo di Avigliano",42.655364917796796,12.428488291962314

12,"4131666","Eggi, il borgo fortificato a due passi da Spoleto",42.762403269316394,12.777576917418475

13,"4130476","Il Lago Trasimeno tra arte, leggenda, sport ed enogastronomia",43.127141,12.04525

14,"4133995","Rocca Monaldi",43.14615942082271,12.22786603732987

15,"4130408","Vini Doc Colli del Trasimeno",43.127141,12.04525

16,"4133695","Chiesa di Sant'Agostino",43.12547424913743,12.288759525338445

17,"4131038","Museo del Merletto - Tuoro sul Trasimeno",43.17709654995729,12.090135940961504

18,"4130933","A Monteluco tra antichi eremi e chiese",42.7231676,12.75458801055018

19,"4129157","Vini Doc Colli Perugini",43.08769493374715,12.373853366363145

20,"4137985","Malvasia Toscana (o Malvasia Lunga)",42.93811975,12.621451100611427

21,"4137229","Vini DOC Lago di Corbara",42.7186152,12.1087907

22,"4134788","Centro di Paleontologia vegetale della foresta fossile di Dunarobba",42.667192767607794,12.46129336080089

23,"4130760","Pietralunga, borgo antico che domina la valle del Carpinella",43.44222114553752,12.437198252689196

24,"4130572","Abbazia di Sant'Eutizio",42.870385693775084,13.064439468303705

25,"4130898","La Rocca - Passignano",43.1840356776938,12.138233464922006

26,"4133661","Museo della Casa Contadina - Corciano",43.12878209320235,12.287968539743295

27,"4137431","Palazzo Baldeschi - Museo Banca della Memoria del Trasimeno",43.02259156121115,12.070862277741384

28,"4136363","Museo della Pesca e del Lago Trasimeno",43.11929899784986,12.166024558095296

29,"4136414","Castello dei Cavalieri di Malta",43.13907693171662,12.206365394952106

30,"4136346","Castello di Zocco",43.13566239410758,12.167167252892758

31,"4138109","Museo Don Aldo Rossi e Pinacoteca Chiesa San Giuseppe",43.02211126449205,12.07074585784535

32,"4137059","Museo del vetro",42.97029289999105,12.086710335316162

33,"4133731","Palazzo del Capitano del Popolo - Corciano",43.12851907812581,12.287361428100358

34,"4133678","Palazzo dei Priori - Corciano",43.12854673488178,12.287467152326746

35,"4132163","Palazzo della Corgna - CittÃ  della Pieve",42.952721857254055,12.003758680926888

36,"4131531","Casa Romana",42.734438869191834,12.737902942127295

37,"4132782","Complesso di San Francesco a Montone",43.3642887984979,12.326695808133387

38,"4130951","Palazzo del Capra - Tuoro sul Trasimeno",43.2079079,12.070589299999938

39,"4132974","Chiesa della Madonna della Crocetta",42.971843602144325,12.087285488219099

40,"4480521","Castel Rinaldi",42.79519511181799,12.506690824778417

41,"4135898","Prosciutto di Norcia",42.7923436356258,13.092694661486895

42,"4130047","Fagiolina del lago",43.127141,12.04525

43,"4130015","Tinca del Trasimeno",43.127141,12.04525

44,"4137196","Collegiata di San Michele Arcangelo",43.0290016195039,12.099006739992872

45,"4130880","Santuario della Madonna della Carraia",43.07686526006867,12.076584187283586

46,"4129719","Tempietto del Clitunno - Campello sul Clitunno",42.842257232621314,12.756909249980124

47,"4137969","Gamay (o Gamay del Trasimeno)",43.127141,12.04525

48,"4652994","Todi Sotterranea",42.781752149981465,12.41046423966108

49,"4130538","Rocca del Leone",43.127589143710686,12.055656285769773

50,"4130031","Persico Reale del Trasimeno",43.127141,12.04525

51,"4136397","Mugnano, il borgo dei ""muri dipinti""",43.05539445295419,12.218797786886192 

52,"4138143","Teatro Cesare Caporali - Panicale",43.02859446907908,12.09849050289384

53,"4137144","Museo del Tulle ""Anita Belleschi Grifoni"" - Panicale",43.0286984354953,12.097139190958112

54,"4137010","Santuario della Madonna di Mongiovino - Panicale",43.01227875477773,12.148006279611659

55,"4137110","Santuario della Madonna delle Grondici - Panicale",42.98860764808779,12.141658159983335

56,"4137503","Chiesa della Madonna della Stella",43.02101688391245,12.067600437299712

57,"4130624","Il Giardino dei Lauri - Città  della Pieve",42.976907968613894,11.986774353456978

58,"4133713","Necropoli etrusca di Strozzacapponi - Corciano",43.07156709443355,12.3164503740344

59,"4133643","Chiesa di Santa Maria Assunta",43.12850797290635,12.287856772819415

60,"4133608","Pieve del Vescovo",43.1427330703896,12.286886144714929

61,"4130375","Palazzo Municipale - Corciano",43.128498565574866,12.2864112233158

62,"4133348","Laboratorio e Collezione Tessile Tela Umbra",43.457684881552225,12.240902738314182

63,"4137328","Merletto di Orvieto",42.71931757750979,12.11086387266

64,"4133365","Tipografia Grifani-Donati",43.457319994068044,12.238820331854633

65,"4132368","Fra Jorge e La Statio Peregrinorum, luogo di arrivo della Via di Francesco",43.07419299434643,12.606290554807872

66,"4134094","Torre dell'Orologio - Monteleone di Spoleto",42.65242527629976,12.95221372160906

67,"4135424","POST - Perugia Officina Scienza Tecnologia",43.11440402064111,12.39175617213149

68,"2962486","Lago di Piediluco",42.5367024066409,12.754343879836075

69,"2960961","L'acqua termale di Parrano",42.87645585539996,12.101696753742823

70,"4132009","Parco archeologico industriale di Campacci di Marmore",42.549697945335986,12.719349583327157

71,"4136483","Il piccolo borgo di Castelvecchio di Preci",42.89022912410049,13.019511622940822

72,"4136875","Usigni",42.69732533765139,12.933933838553578

73,"4138441","Gli Antichi Bagni di Triponzo",42.83996258757077,12.948165999780716

74,"4133298","Il Vinosanto Affumicato dell'Alta Valle del Tevere",43.45733515599782,12.231973155437348

75,"4129669","Mazzafegati",43.46398650263478,12.240378088057192

76,"4129869","Capocollo",42.93811975,12.621451100611427

77,"4129902","Lombetto",42.93811975,12.621451100611427

78,"4129853","Ricotta",42.93811975,12.621451100611427

79,"4129934","Sanguinaccio",42.93811975,12.621451100611427

80,"4129966","Patata rossa di Colfiorito",43.0261498532631,12.889726144117

81,"4130096","Caciotta",42.93811975,12.621451100611427

82,"4130502","Fichi Girotti",42.55465155432991,12.416100393894817

83,"4130519","Fava cottòra dell’Amerino",42.7186152,12.1090156

84,"4131205","Sedano nero di Trevi",42.87740914026675,12.747713512420104

85,"4135629","Coglioni di mulo",42.7923436356258,13.092694661486895

86,"4135914","La lenticchia di Castelluccio di Norcia IGP",42.82910526070188,13.205633908524076

87,"4136056","Pecorino",42.93811975,12.621451100611427

88,"4137246","Fagiolo secondo del Piano di Orvieto",42.71931757750979,12.11086387266

89,"4129771","Il tartufo nero in Umbria",42.81710965219677,12.91933119327927

90,"4129999","Ricotta salata della Valnerina",42.5565448,12.6927778

91,"4130078","La Roveja di Civita di Cascia",42.71687974948143,13.013556905576184

92,"2965448","Lago di Corbara",42.7186152,12.1087907

93,"4421957","Il Bacino del Rio Grande",42.5562989,12.4147146

94,"4137278","Vini DOC Orvieto - Grechetto di Orvieto",42.71931757750979,12.11086387266

95,"4457104","La necropoli del Vallone di San Lorenzo a Montecchio",42.662222037026545,12.261720071277624

96,"2957907","Gola del Bottaccione",43.36551554567253,12.583256163378396

97,"2963738","Le Tane del Diavolo a Parrano",42.8768082,12.1029388

98,"4132921","Museo della Memoria, Assisi 1943-1944",43.069562544781554,12.61423635055753

99,"2965255","Preci e l'antica scuola di chirurgia",42.878822861022265,13.03884305567996

100,"2966039","Fonti di Valcasana",42.71316193949269,12.834233149142547

101,"4133907","Santuario Madonna Bruna",42.81964846906965,12.688592012998878

102,"4132613","Museo Malacologico Malakos di Città  di Castello",43.43727739504971,12.249286697417643

103,"4134400","Villa Cahen",42.81255736409768,11.973852823250281

104,"4134434","Chiesa di Santa Maria Assunta - Allerona",42.81241415685079,11.972457415186812

105,"4134213","Farro di Monteleone di Spoleto DOP",42.65168382770705,12.951865368787674

106,"4129950","Cicerchia",42.82886265924215,13.20581329796974

107,"4133230","Il Porto Romano di Bevagna",42.93152669449321,12.609010531916349

108,"4132562","La Rocca di Alviano",42.58771380211135,12.295627279794937

109,"4134128","Vini DOC e DOCG Montefalco - Sagrantino",42.893653314401845,12.652384549642203

110,"4467422","Il Foro romano di Assisi",43.06985868203994,12.618942057477968

111,"4492192","La Necropoli del Lauscello",42.67351007514379,12.025394910693837

112,"4133248","Il tartufo bianco e la sua conservazione",42.46082035015615,14.228165347986168

113,"4135302","Il Centro Geografico d'Italia Peninsulare -Ponte Cardona",42.51761287715293,12.515624122728886

114,"4134556","Ceselli: torrentismo, rafting e trekking",42.685722244810314,12.818207352318849

115,"4446206","Le Cascate de Lu Cugnuntu",42.8790089,13.038888981182936

116,"2960170","Parco di Archeologia Arborea di San Lorenzo di Lerchi",43.47451355670185,12.190391850295288

117,"4130392","Olio extravergine d'oliva DOP Umbria",42.93811975,12.621451100611427

118,"4131189","Vini Doc Todi",42.78234841470683,12.406457474801933

119,"4131773","Trebbiano Spoletino",42.73440445915561,12.738145708603971

120,"4131822","Ciliegiolo",42.55720825,12.414770146277023

121,"4132180","Vini Doc Amelia",42.558788961740845,12.41209997449598

122,"4133127","Vini Doc Colli Altotiberini",43.46398650263478,12.240378088057192

123,"4132385","La Basilica di Santa Maria degli Angeli e Palazzo del Capitano",43.058500730270794,12.57958599958298

124,"4131566","Il Parco del Monte Tezio",43.18979909023311,12.344351089587343

125,"4137704","Tomba del Faggeto",43.221099752868135,12.298145569971268

126,"4132698","Chiesa di San Domenico",42.520811720846204,12.51443219656217

127,"11111","Acquedotto della Formina",42.5176039,12.5159083

128,"4134366","Abbazia di San Cassiano",42.524080072247116,12.508231162428448

129,"4134230","Chiesa di Santa Margherita Narni",42.51735420389024,12.518891159090796

130,"4130344","Chiesa di Santa Maria Impensole",42.52000438034428,12.515165710098504

131,"4132196","Il raffinato mosaico di Bevagna",42.93477893036626,12.609269817382984

132,"4133212","Museo dinamico del Laterizio e delle Terrecotte",42.910570782104145,12.337538613779417

133,"4136858","Teatro della Concordia - Marsciano",42.90970832793852,12.337230340442986

134,"4136824","Chiesa di Santa Maria Assunta - Marsciano",42.89928898455514,12.350980945110248

135,"4136705","La ceramica di Deruta",42.98216974940504,12.419890769303157

136,"4135008","Chiesa di San Giovanni Battista - Marsciano",42.910449354330886,12.337884064629472

137,"4136841","Riserva Mondiale della Biosfera Unesco del Monte Peglia",42.8177952,12.2094685

138,"2965870","Chiesa di San Sabino",42.87851600651196,12.742839408069434

139,"4137179","Palazzo Altieri",42.85758761050343,12.366002354729961

140,"4137619","Parco e museo vulcanologico di San Venanzo",42.86844134488724,12.266398191339947

141,"4134539","Vecchio Palazzo comunale e torre - Fossato di Vico",43.294780839577506,12.76122728575732

142,"4137653","Le Rughe di Fossato di Vico",43.294842886266544,12.761310848791318

143,"4138322","Chiesa di San Pietro",43.294296658791446,12.761728160819075

144,"4137602","Chiesa di San Benedetto - Fossato di Vico",43.295651666473745,12.76108806318186

145,"4137670","Cappella della Piaggiola",43.29528799724053,12.76175585798449

146,"4137636","Ponte Romano Spiano",43.33794513070578,12.731643782210643

147,"4138372","Scheggia, tra storia e natura",43.40361975710741,12.667957062709668

148,"4134681","Torre pendente di Vernazzano",43.22000462923478,12.101480412109774

149,"4669253","Chiesa di San Domenico e Museo della Confraternita",43.126967168694925,12.052585251981455

150,"4672975","La Calamita Cosmica",42.958037737589486,12.708138456519556

151,"4129410","Rocca maggiore di Assisi",43.07301824393332,12.615594941478196

152,"4132129","Greppolischieto e l'antica Città  di Fallera",42.94526390348304,12.151984098571628

153,"4673711","Museo Regionale dell'Emigrazione ""Pietro Conti""",43.231517117940136,12.784603833300872

154,"4134732","Cattedrale di San Benedetto",43.23119082522441,12.785301863258155

155,"4136295","Palazzo Comunale - Gualdo Tadino",43.231073265463934,12.78475710469944

156,"4136278","Abbazia di Sant'Emiliano in Congiuntoli",43.41520174147959,12.781685950530594

157,"4134630","Chiesa di San Francesco - Costacciaro",43.35897485705048,12.711747199445037

158,"4133625","Chiesa di Sant'Agostino - Sigillo",43.3311415205327,12.741013521164852

159,"4137687","Chiesa di Sant'Anna - Sigillo",43.33268988278918,12.73653420928241

160,"4137468","Chiesa di Santa Maria Assunta - Valfabbrica",43.15971907109211,12.60162907131767

161,"4138160","Chiesa di San Sebastiano - Valfabbrica",43.158468064560104,12.601173307932418

162,"4129885","Santuario della Madonna dell'Olmo",43.19797211770198,12.646102725571865

163,"4136756","Chiesa di Santa Maria Assunta - Sigillo",43.349939241011384,12.726726913443013

164,"4137414","ll Sentiero Francescano della Pace",43.1588812,12.601164400000016

165,"4138289","HYDRA, Museo Multimediale della Cascata delle Marmore",42.54826984138004,12.718843857885492

166,"4590139","La cinta muraria di Bettona",43.01224584776079,12.486020606442727

167,"4136226","Urvinum Hortense",42.98457841564359,12.525339623024129

168,"4130112","Villa del Boccaglione",43.02372849202013,12.50150137316834

169,"4136209","Museo del Ricamo e del Tessile - Valtopina",43.05902952819021,12.754638032812801

170,"4131327","Santuario dell'Amore Misericordioso ed Eucaristico",42.74710915278363,12.482267196487133

171,"4131344","Tempio San Fortunato",42.78027125081355,12.406132502865026

172,"4131361","Chiesa di Santa Maria della Pietà - Umbertide",43.310168206201574,12.326324656898066

173,"4131412","Chiesa Ottagonale Santa Maria della Reggia - Umbertide",43.306146028509936,12.328658254477883

174,"4131446","Chiesa di San Bernardino - Umbertide",43.304477152484495,12.326469304906983

175,"4131463","Palazzo Comunale - Montefalco",42.89365570631978,12.652383998116129

176,"4131480","Chiesa Parrocchiale di San Nicolò - Montecastrilli",42.64779879876426,12.483579073928022

177,"4131497","Eremo di Monte Corona - Umbertide",43.27577999584445,12.35050928176721

178,"4131514","Preggio - Umbertide",43.241749856594616,12.223012025266744

179,"4131549","Rocca di Umbertide",43.30672933092714,12.327879006459664

180,"4131583","Sculture nella città  - Spoleto 1962",42.7404881,12.737800300000004

181,"4131599","Bosco sacro di Monteluco",42.72417518830408,12.750799714914406

182,"4131703","Museo Nazionale del Ducato di Spoleto",42.73430996123696,12.741892988899728

183,"4131720","Chiesa di San Giovanni Battista di Eggi",42.75837229972106,12.777928991503394

184,"4131756","Chiesa di Sant'Alò",42.56224440538731,12.644296932056463

185,"4131805","Oratorio San Crescentino",43.38536727869473,12.124619779297111

186,"4131855","Abbazia Badia Petroia",43.380672323645214,12.179470247719335

187,"4131873","Santuario della Madonna di Belvedere",43.477922384108076,12.266824780868054

188,"4131891","Chiesa di San Francesco",43.45845066799192,12.240329473311965

189,"4131908","Chiesa di San Francesco - Cascia",42.71797225171532,13.013867739327187

190,"4131925","Convento di San Francesco",42.4984430631028,12.658798523206961

191,"4131959","Arco Etrusco di Perugia",43.11452916064736,12.389635344776135

192,"4131976","Palazzo del Popolo Todi",42.7821793981596,12.406364541923608

193,"4132061","Chiesa di San Martino - Fabro",42.86362365534091,12.012847239719925

194,"4132078","Città di Castello tra arte, eventi, storia e artigianato",43.45688279404627,12.238188356583402

195,"4132146","Eremo Sacro Speco di San Francesco",42.4565038273958,12.596905355054739

196,"4132212","Chiesa parrocchiale dei SS. Apostoli Pietro e Paolo",42.91674298622367,12.051288213784579

197,"4132401","Castello di Fabro",42.8640723372537,12.013207361148314

198,"4132418","Abbazia di Santa Maria Valdiponte a Montelabate",43.19860733365275,12.49233177356436

199,"4132470","Eremo di San Francesco",42.72453946822113,12.75043789158552

200,"4132487","Chiesa di San Francesco a Gubbio",43.35173987114979,12.576281380138028

201,"4132525","Chiesa di San Francesco a Terni",42.56435020806687,12.645440360225972

202,"4132545","Chiesa di San Salvatore - Usigni",42.69780522468203,12.93427515309594

203,"4132579","Chiesa collegiata di Santa Croce",43.06780937133491,12.549765844699428

204,"4132596","Tesoro di Canoscio a Città di Castello",43.456557712149106,12.237678433839493

205,"4132630","Anfiteatro Romano",43.07103101080813,12.620150868256545

206,"4132647","Palazzo del Podestà  - Città  di Castello",43.457335504553114,12.23953654389036

207,"4132664","Pinacoteca Comunale - Città di Castello",43.45438900080702,12.239542339533244

208,"4132681","Palazzo dei Priori - Assisi",43.07101754953666,12.614668822685088

209,"4132715","Cattedrale dei Santi Florido e Amanzio di Città  di Castello",43.456755078066294,12.237633699819348

210,"4132748","Collezione Burri - Palazzo Albizzini - Città  di Castello",43.45848874729226,12.240918571755085

211,"4132765","Collezione Burri - Ex Seccatoi del Tabacco - Città di Castello",43.45259055206054,12.24634152448983

212,"4132815","Chiesa di San Francesco al Prato",43.114096672147866,12.383546651123478

213,"4132832","Basilica Santa Chiara di Assisi",43.068849989857775,12.617006431804022

214,"4132850","Palazzo del Capitano del Popolo - Assisi",43.0713326221444,12.614622370329256

215,"4132868","Basilica di Santa Maria degli Angeli",43.058144918684576,12.579796235981505

216,"4132938","Convento e chiesa di San Damiano",43.06150415331534,12.618055030064086

217,"4132956","Santuario della Spogliazione",43.06964247924318,12.614274335255244

218,"4132991","Chiesa di San Nicola - Scheggino",42.7126322088186,12.831771572949458

219,"4133008","Chiesa di San Michele Arcangelo - Bastia Umbra",43.068054615551254,12.549637234522455

220,"4133059","Fontana - Bevagna",42.932774623133774,12.607850878364914

221,"4133076","Palazzo dei Consoli - Bevagna",42.932774623133774,12.607850878364914

222,"4133093","Chiesa di San Silvestro a Bevagna",42.9329435188379,12.6077566819835

223,"4133110","Villa Fidelia - Spello",42.9987125198474,12.664305456091679

224,"4133143","Chiesa di San Francesco - Foligno",42.95404960039421,12.70401092082048

225,"4133177","Chiesa di San Michele Arcangelo - Bevagna",42.932781087525846,12.607851084896764

226,"4133264","Palazzo Lepri",42.93346509623197,12.608721631396937

227,"4133281","Chiesa della Madonna del Carmine - Montefranco",42.59888741912031,12.762555693343252

228,"4133399","Palazzo Comunale - Spello",42.99187232713144,12.671526633504197

229,"4133469","Murales",42.4038614,12.569369400000028

230,"4133486","Monastero Museo delle Orsoline",42.40148361237977,12.567534329598786

231,"4133520","Presepe Monumentale e Oratorio di Sant'Antonio - Calvi dell'Umbria",42.401479727111315,12.567538336192698

232,"4133537","Chiesa della Santissima Trinità  - Calvi dell'Umbria",42.400674316861334,12.56657557836851

233,"4133554","Chiesa di San Francesco - Calvi dell'Umbria",42.407620191647645,12.562346142442864

234,"4133572","Chiesa di S. Maria Assunta",42.40181718704928,12.566703666882225

235,"4133590","Chiesa di San Bernardino - Montefranco",42.59273828077821,12.756545825161636

236,"4133766","Pieve di San Gregorio in Nido",42.830151233227426,12.665849518433067

237,"4133837","Chiesa di San Pancrazio",42.704754412886544,11.979563989243522

238,"4133854","Santuario Madonna della Stella - Cerreto di Spoleto",42.737251280922194,12.936352986815027

239,"4133890","Citerna, uno dei borghi più belli d'Italia",43.4986286829624,12.114485821078729

240,"4133925","San Francesco - Citerna",43.49839248079447,12.116179311010917

241,"4133942","Chiesa di San Michele Arcangelo - Citerna",43.498335310610834,12.115730500687622

242,"4133960","Chiesa di Santa Maria Assunta - Cerreto di Spoleto",42.80616422240498,12.911844630084236

243,"4133978","Ex Monastero di San Giacomo - Cerreto di Spoleto",42.771857764485,12.936066637166302

244,"4134011","Camminamento medievale",43.4980229130007,12.117850606175729

245,"4134028","La Scarzuola e la Città  ideale di Tommaso Buzzi",42.89873602756306,12.152927561096273

246,"4134077","Ex Convento e Chiesa di Santa Caterina - Monteleone di Spoleto",42.651495432611696,12.954197140149649

247,"4134111","Chiesa e convento di San Francesco - Monteleone di Spoleto",42.65237304426204,12.95259158443113

248,"4134145","Castello di Castel di Fiori",42.906952039468834,12.10916030220879

249,"4134162","Chiesa di Maria SS.Assunta in Cielo - Montegabbione",42.92137882911319,12.092605563324739

250,"4134179","Chiesa della Madonna delle Grazie - Montegabbione",42.921074182547635,12.087624576307954

251,"4134196","Castello di Attigliano",42.51456720464414,12.288614323319042

252,"4134247","Chiesa di San Lorenzo",42.51459724825442,12.292413045263242

253,"4134264","Fontana dei Delfini",42.51474373210127,12.289333953471424

254,"4134281","Chiesa di Santa Cecilia",42.690404484841885,12.546394509385136

255,"4134298","Chiesa del Sacramento",42.69001997963432,12.546278703233568

256,"4134315","Chiesa della Madonna Giglio",42.69014195140595,12.545586094882038

257,"4134332","Chiesa San Francesco - Acquasparta",42.69318543594511,12.545410059950019

258,"4134383","Castello di Scheggino",42.712787293922815,12.831344535948915

259,"4134451","Chiesa di S. Giovanni Battista - Arrone",42.58348627732655,12.767162848593108

260,"4134503","Chiesa di San Francesco - Sellano",42.88886033038859,12.926648021186079

261,"4134575","Chiesa di Santa Maria Assunta di Arrone",42.584284132673986,12.767437216192333

262,"4134592","La ceramica di Gualdo Tadino",43.23104086513957,12.784786497410384

263,"4134698","Casacastalda",43.19657106164684,12.647845411096215

264,"4134715","Antiquarium - Baschi",42.670065474334585,12.216346977924198

265,"4134805","Eremo della Pasquarella",42.72529380964501,12.306343157513194

266,"4134822","Museo dell'Ovo Pinto a Civitella del Lago",42.71137270723233,12.2812717959016

267,"4134839","Chiesa della Santissima Trinità - Avigliano Umbro",42.651495944562555,12.427624886579785

268,"4134856","Chiesa Santissima Annunziata",42.65738100409172,12.34804727292355

269,"4134873","Chiesa di San Nicolò - Lisciano Niccone",43.235311932328585,12.184104125366154

270,"4134924","Cattedrale dei Santi Mariano e Giacomo - Gubbio",43.35385195284264,12.579809194225756

271,"4134941","Chiesa di Santa Maria Nuova",43.350468781484366,12.583011418235843

272,"4134957","Palazzo dei Consoli",43.35340654818921,12.578468853266433

273,"4134974","Antiquarium del Teatro romano - Gubbio",43.35183592677769,12.57243232137553

274,"4134991","Piazza Quaranta Martiri e Logge dei Tiratori - Gubbio",43.352145556805674,12.577488989709654

275,"4135041","Abbazia di Vallingegno",43.251323034604894,12.562581371682205

276,"4135079","Basilica di Sant'Ubaldo",43.35644151607237,12.584680220917168

277,"4135095","La ceramica di Gubbio",43.35309909321968,12.579210045093083

278,"4135112","Chiesa di Santa Maria Infraportas",42.953580678119,12.700231937395206

279,"4135129","Museo Archeologico Colfiorito",43.02846817892235,12.891944410933219

280,"4135146","Chiesa di Santa Maria in Campis",42.95004130530739,12.717896433354575

281,"4135163","Centro d'Ateneo per i Musei Scientifici (CAMS)",42.9514099,12.71265249999999

282,"4135232","Complesso di San Francesco - Norcia",42.79307793092094,13.091746531414875

283,"4135285","Parco archeologico di Ocriculum e Antiquarium Casale San Fulgenzio - Otricoli",42.412245211288734,12.468804406362876

284,"4135354","Palazzo dei Priori - Perugia",43.11186905098406,12.388534830044794

285,"4135389","Rocca Paolina",43.10778947831217,12.38842138451887

286,"4135458","Casa Museo di Palazzo Sorbello",43.11271126668679,12.39045175198583

287,"4135526","Museo del Giocattolo di Perugia",43.13017160064824,12.3632214454749

288,"4135578","Chiesa di San Nicola- Otricoli",42.44021322695319,12.550674577755316

289,"4135645","Antiquarium Comunale di Otricoli",42.423273958578775,12.478202125755875

290,"4135662","Collegiata di Santa Maria Assunta - Otricoli",42.423039854892274,12.476650911002825

291,"4135679","Chiesa di San Salvatore - Otricoli",42.422902955895644,12.47811131756359

292,"4135696","Arco di San Damiano",42.63879824601749,12.563515962327617

293,"4135749","Chiesa di San Francesco - San Gemini",42.613071365756,12.546131161281485

294,"4135815","Chiesa di San Gemine - Duomo",42.61195564832125,12.54630024660072

295,"4135832","Abbazia di San Nicolò",42.61300939374828,12.5434626425934

296,"4135849","Area Archeologica del Tempio del Belvedere",42.72252293857287,12.119718414072196

297,"4135866","Piazza San Benedetto - Norcia",42.79227886578381,13.092653924142983

298,"4135881","Chiesa di San Michele Arcangelo - Polino",42.585179543512794,12.84253185894701

299,"4135931","Basilica di San Benedetto",42.79254521657572,13.0933439797038

300,"4135948","Oratorio di San Bernardino",43.11371977561006,12.383206202559272

301,"4135969","GEOLAB - Museo laboratorio di scienze della Terra",42.61025444217545,12.545381157416871

302,"4135986","Palazzo dei Priori - Narni",42.519359686307226,12.515499405551015

303,"4136003","Chiesa e Eremo di Santa Illuminata - Guardea",42.60774172167314,12.295803376627136

304,"4136157","Castello di Guardea Vecchia",42.62538561688086,12.307472334212676

305,"4136174","Chiesa di San Nicolò",42.66957237232718,12.216717612396383

306,"4136243","Chiesa di Santa Maria Assunta - Lugnano in Teverina",42.57472507172554,12.330368944626377

307,"4136312","Chiesa e Convento di San Francesco - Lugnano in Teverina",42.570273050802115,12.331640231712594

308,"4136380","Il Vicus (BORGO ANTICO) Martis Tudertium",42.75094073305413,12.531939933538961

309,"4136448","Chiesa di San Biagio - Porano",42.68653377160966,12.101781084547273

310,"4136518","Catacomba di Villa San Faustino",42.72020768849459,12.539482357790746

311,"4136535","Castello Bufalini - San Giustino",43.54938274941668,12.176800342129352

312,"4136586","Repubblica di Cospaia",43.55901871707692,12.170967482079314

313,"4136603","Palazzo Pubblico - Giano dell'Umbria",42.83478759300776,12.579109040392382

314,"4136654","Museo archeologico nazionale - Orvieto",42.716882942060955,12.114255351376505

315,"4136671","Castello di Montegiove",42.91746396950344,12.1435494356735

316,"4136688","Castello di Carnaiola",42.87860753445951,12.058280149497056

317,"4136722","Chiesa di Santa Maria in Pantano",42.750945215179954,12.531936890757189

318,"4136739","Abbazia di San Faustino",42.73230947496064,12.528949039889087

319,"4136773","Chiesa di San Felice - Massa Martana",42.77657866951637,12.523431409051158

320,"4136807","Museo - Laboratorio dell'Appennino Umbro",42.58523126892467,12.84287063678828

321,"4136892","Castello del Poggio - Otricoli",42.43917947691989,12.545894234221558

322,"4136910","Teatro, location matrimoniale d'eccellenza",42.4220319,12.47765949999996

323,"4136927","Chiesa di San Carlo Borromeo",42.71157495987708,12.934592660743292

324,"4136942","Chiesa dei Santi Filippo e Giacomo",42.840199396434116,12.352663554533308

325,"4136959","Porta Marzia",43.108287225512456,12.388788138293041

326,"4136993","Area archeologica della Guastuglia",43.35013368413906,12.574660662156413

327,"4137027","Chiesa di San Giovanni Battista",42.754661248096234,12.864106359449648

328,"4137042","Pieve di Santa Maria - Pietralunga",43.442091904784135,12.43641303050485

329,"4137213","La ceramica di Orvieto",42.71931757750979,12.11086387266

330,"4137294","Chiesa del Santissimo Crocefisso",42.92039927924552,12.051568476561307

331,"4137311","Chiesa di San Rocco - Vallo di Nera",42.75485170925459,12.864935076583718

332,"4137345","Chiesa di Sant'Andrea - Sigillo",43.33178669160021,12.740874450294003

333,"4137397","Museo ornitologico - naturalistico ""Silvio Bambini""- Pietralunga",43.432191762155945,12.425555633010612

334,"4137553","La Rocca Longobarda - Pietralunga",43.44231336604829,12.437013413943255

335,"4137569","Abbazia di San Benedetto Vecchio",43.430932225448316,12.461639707924537

336,"4137585","Palazzo comunale - Stroncone",42.49823822317521,12.662648408495174

337,"4137736","Chiesa di Santa Maria Assunta - Giove",42.50958032605186,12.324898562614246

338,"4137753","Borgo storico medievale di Giove",42.50922561784989,12.325196378366991

339,"4137770","Cappella di San Rocco",42.50954586281984,12.328507762530462

340,"4137787","Rocca d'Aries",43.38695710118973,12.352913476965965

341,"4137804","Il borgo medievale di Stroncone",42.49823822317521,12.662648408495174

342,"4137819","Torre del Moro",42.71849809478837,12.110651897069928

343,"4137836","Teatro dei Rustici",42.916457367905615,12.05169159739693

344,"4137853","Torre dell'orologio - Monteleone di Orvieto",42.917108907810146,12.051180032442401

345,"4137870","Museo Emilio Greco - Orvieto",42.71661631581442,12.113686667262618

346,"4137888","Necropoli di Crocifisso del Tufo - Orvieto",42.72159765726081,12.105448335292213

347,"4137905","Chiesa e Monastero di Santa Giuliana",43.10430681266289,12.386147679841583

348,"4137922","Palazzo Gallenga-Stuart",43.11484926230335,12.389587060203024

349,"4137954","Chiesa di San Filippo - Nocera Umbra",43.111349915327004,12.788818909711377

350,"4138018","Chiesa di San Francesco - Nocera Umbra",43.111369997729405,12.789976384949794

351,"4138035","Museo ""Claudio Faina"" e Museo civico - Orvieto",42.71689278964386,12.112513289588577

352,"4138126","Chiesa di San Francesco - Giano dell'Umbria",42.83439878578877,12.579103726197365

353,"4138272","Chiesa di Santa Caterina - Vallo di Nera",42.754280929964786,12.863018140184728

354,"4138305","Chiesa Santa Maria della Neve",42.49365907375704,12.354730017966014

355,"4138339","Piazza Fortebraccio - Montone",43.36381438824527,12.326792186716371

356,"4138356","Oratorio di San Giovanni Decollato",42.498446698416394,12.66233250178245

357,"4138389","Tempietto - Norcia",42.79453484479848,13.094358845480196

358,"4138459","La chiesa di San Damiano",43.06150415331534,12.618055030064086

359,"4130246","Il Santuario di Rivotorto e paesaggio storico",43.04579471604451,12.612635604057008

360,"4134061","Ipogeo di San Manno - Perugia",43.10297653092755,12.350118734986712

361,"4135560","Necropoli del Palazzone e Ipogeo dei Volumni - Perugia",43.08938388752301,12.424481699176678

362,"4135406","Anfiteatro romano a Carsulae",42.63879824601749,12.563515962327617

363,"4131992","Castel Rubello - Porano",42.6869720179381,12.096503189460435

364,"4136637","Ponte Fonnaia",42.717846356816224,12.543293827855942

365,"4136552","Palazzo Margherini Graziani",43.5382253094563,12.1967894550221

366,"4132452","Pozzo etrusco",43.11255307803295,12.389885987847483

367,"4131021","Castel San Felice",42.74305069099534,12.841324546014702

368,"4130181","Pozzo della Cava - Orvieto",42.71844721696335,12.105381008149273

369,"4137076","Porta Romana - Amelia",42.55366989131906,12.416778372362797

370,"4129787","Cisterne romane - Amelia",42.55860299572785,12.4123071913637

371,"4129754","Mura poligonali - Amelia",42.55374265701284,12.417428901242275

372,"4129737","Tomba degli Hescanas",42.695683901511224,12.090981597643655

373,"4136501","Palazzo Pennone - Lugnano in Teverina",42.57430941197011,12.330531528427313

374,"4136329","Castello del Poggio - Guardea",42.63458642053443,12.294915846363903

375,"4136191","Castello di Reschio",43.27590109832591,12.19898417987728

376,"4134907","Castello di Lisciano Niccone",43.24832391898966,12.159033792367776

377,"4134890","Area Archeologica di Scoppieto",42.72457621467494,12.295495592316541

378,"4134770","Palazzo Comunale - Sellano",42.88899588465579,12.927257433699689

379,"4134468","Pozzo di San Patrizio",42.72249737151315,12.120487129043747

380,"4129256","Valfabbrica tra arte, cultura e trekking",43.15944089730237,12.601617346838093

381,"4135267","Terni, la città  dell'amore",42.56193121548108,12.647622637247961

382,"4132313","Ferentillo, un viaggio tra arte, cultura, sport e avventura",42.620534165198436,12.790049481018048

383,"4137362","Gubbio, la città dei Ceri",43.35342969481914,12.578871754887182

384,"4135180","Trevi, storia, arte e prodotti tipici",42.87740914026675,12.747713512420104

385,"4130916","Arrone tra arte, cultura e sport avventura",42.58290221835696,12.769305986370108

386,"4129615","Basilica di San Salvatore",42.74184665597634,12.74317214585645

387,"4132229","Umbria per gli sposi: scoprire Camera Pinta - Spoleto",42.73431283673034,12.74188789114326

388,"4129223","Chiesa di Santa Maria Assunta - Vallo di Nera",42.755128734399456,12.86294102321338

389,"4129461","La Biga - Monteleone di Spoleto",42.651916075228016,12.952598510604217

390,"4129478","Castello di Pissignano",42.843138742845696,12.759835361851136

391,"4129513","Eremo del Buon Riposo",43.458668077290525,12.200441490823389

392,"4129530","Concattedrale della Santissima Annunziata - Todi",42.78288209184005,12.406122765620818

393,"4129547","Museo archeologico nazionale di Spoleto",42.733564698867134,12.735093144008776

394,"4129598","Museo archeologico di Amelia",42.55438849107207,12.416723460455371

395,"4129634","Cattedrale di Amelia",42.55769817893193,12.414523959148124

396,"4129651","Palazzo Petrignani - Amelia",42.55652071245084,12.413148834965853

397,"4129685","Palazzo Nacci - Amelia",42.556820770652216,12.4132620440139

398,"4129702","Presepe de la Penna",42.49380772023899,12.3546402470561

399,"4129836","Santuario di Santa Rita",42.71879810707543,13.012563956408737

400,"4130163","Porta Sant'Angelo",43.06777049075755,12.548299964705349

401,"4130262","Chiesa della Madonna della Maestà",42.836976,12.06561099999999

402,"4130278","Chiesa di Santa Maria Vecchia - Ficulle",42.83285362249149,12.066633131635237

403,"4130295","Chiesa di san Giuseppe da Leonessa",42.42320630113527,12.477549165475354

404,"4130312","Palazzo dei Priori - Gubbio",43.353141012795405,12.579355161408657

405,"4130359","Chiesa di San Francesco - Amelia",42.55437865411405,12.416613338198726

406,"4130424","Chiesa Santa Marina",42.823627936691906,12.67226642556854

407,"4130589","Eremo della Madonna della Stella - Poggiodomo",42.737251280922194,12.936352986815027

408,"4130607","Fontana Maggiore a Perugia",43.11215708430811,12.38882434640392

409,"4130677","Complesso Museale di San Francesco di Trevi",42.87860941179863,12.747369974104897

410,"4130694","Chiesa di San Paolo - Bastia Umbra",43.07655062484619,12.552650524787573

411,"4130711","Chiesa di San Francesco a Piediluco",42.53643547830171,12.754633809266698

412,"4130777","Santuario Madonna dei Rimedi",43.42936811417068,12.434658067429426

413,"4130794","Abbazia di San Pietro ad Assisi",43.07141458107575,12.608454957458344

414,"4130845","Castello di Civitella Ranieri",43.310767162052784,12.358410167874034

415,"4131089","Palazzo del Capitano, Todi",42.78218433111317,12.406368912756616

416,"4131122","I Plenaristi nella Valle del Nera",42.5664442,12.719257700000073

417,"4131221","Chiesa di Santa Maria e Cappella Bourbon",43.437411866144004,12.162562082736352

418,"4131239","Porta Amerina - Montecastrilli",42.647994424720075,12.483487137631439

419,"4131273","Chiesa di Santa Croce - Umbertide",43.30507526877537,12.326584929985893

420,"4131291","Eremo di San Girolamo",43.390964626782285,12.745418349614676

421,"4134664","Chiesa di San Bevignate",43.110666663693884,12.409141779757979

422,"4136431","Palazzo Cesi",42.69111166274801,12.546574298856287

423,"4134349","Rocca albornoziana a Narni",42.513986879252215,12.520362703762462

424,"4132296","Museo della città  e del territorio in Palazzo Eroli a Narni",42.519111987563576,12.514673425597428

425,"4136020","Trebbiano Toscano (o Procanico)",42.93811975,12.621451100611427

426,"4132732","Sangiovese",42.93811975,12.621451100611427

427,"4131789","Cattedrale di San Lorenzo",43.112471839894255,12.38939039482698

428,"4135320","Cipolla di Cannara",42.99498018960998,12.582897758638925

429,"4130146","Torre dell'Olio a Spoleto",42.73767432082774,12.735221922228387

430,"4733176","Chiesa di San Michele Arcangelo - Collazzone",42.89973669498359,12.436017718122715

431,"4133801","Collegiata di Santa Maria - Cascia",42.71957867434688,13.014356025861584

432,"4129120","Abbazia di San Lorenzo",42.904679646947656,12.438971348265934

433,"4133748","Chiesa parrocchiale di San Lorenzo",42.900254342469424,12.43601550676241

434,"4133783","Chiesa di Santa Maria sopra Minerva",43.07131006936124,12.614701789272553

435,"4130828","Abbazia di San Pietro in Valle a Ferentillo",42.645378537907256,12.811347027893625

436,"4130442","Palazzo Vitelli alla Cannoniera",43.45438696942776,12.239543913500686

437,"4131943","Palazzo dei Priori o del Comune",43.456877778228026,12.23818738872674

438,"4131838","Abbazia di San Pietro a Bovara di Trevi",42.85981069420646,12.747023850186489

439,"4132112","Chiesa di San Francesco - Umbertide",43.30483637789635,12.326514002267578

440,"4131378","L'olio di Trevi",42.87740914026675,12.747713512420104

441,"4133042","Chiesa di Sant'Agostino",42.90838281840399,12.556725736790447

442,"4137520","Chiesa di S. Andrea",42.90867703740962,12.555666497040688

443,"4129359","Cicotto di Grutti",42.84803286625064,12.47675903892581

444,"4129564","Rocca Flea",43.23322680298694,12.788701691047965

445,"4129581","Rocca di Gualdo Cattaneo",42.909550669230285,12.556244984653357

446,"4136976","Museo della Canapa - Sant'Anatolia di Narco",42.73358988032844,12.836150640648333

447,"4134521","Oasi di Alviano",42.621097516422196,12.251703181162457

448,"4541602","Museo della Stampa. La prima copia della Divina Commedia",42.95602205005604,12.703237397848753

449,"4502634","Museo della Quintana 4D",42.9545048628729,12.700028448881861

450,"4681201","Musei in Umbria a misura di bambino",43.1291277,12.3638078

451,"4536999","Vernaccia di Cannara",42.994986309248965,12.58289855925747

452,"4830976","Chiesa di San Biagio",42.99477184504603,12.58306664468522

453,"4130129","I Piani di Castelluccio di Norcia",42.80924304627607,13.20287785426286

454,"4136039","Cattedrale di San Rufino",43.07042216272943,12.617817211857357

455,"4130728","MANU Museo archeologico nazionale dell'Umbria - Perugia",43.10703709559644,12.391637821144835

456,"4135612","Oasi naturalistica La Valle",43.10626967864505,12.188413674485219

457,"4820827","Vini Doc Assisi",43.07102088656629,12.61468157244959

458,"4133315","Teatro Giuseppe Verdi",43.02557715,12.43297359581419

459,"4803699","La città  di Assisi",43.070638677707,12.6195622242038

460,"4130215","Palazzo Lucarini Contemporary",42.87745255330363,12.746452395393847

461,"4796868","Monte Ruffiano e la ""Torre delle Streghe""",43.18542100540483,12.17979489925817

462,"4674576","Santuario della Madonna dell'Oliveto",41.90271275,12.496246632862682

463,"4802427","Santuario della Madonna dei Bagni",42.96365320567868,12.402631229851014

464,"4135250","Il Raffaellesco a Deruta",42.98216974940504,12.419890769303157

465,"4133503","Chiesa di San Francesco - Deruta",42.982415026504896,12.419723885087786

466,"4133025","Umbria per gli sposi: vicolo Baciadonne - Città  della Pieve - Perugia",42.955675785781196,12.002513102855685

467,"4130745","Piscina Porcinai - Giardino delle Piante Acquatiche",43.1160242646757,12.139670232221576

468,"4758465","Collegiata di Santa Maria e San Gregorio",43.362727967886855,12.326246096866921

469,"4136104","Castello di Montalfina",42.6867091518807,11.958577519769554

470,"4494474","Chiesa di San Costanzo a Perugia",43.09879467855478,12.39663982616541

471,"4521276","Porchetta",43.04307304350268,12.533340476165394

472,"4137537","Parco di Sculture di Beverly Pepper",42.77814287237013,12.402806854290818

473,"4129495","Duomo di San Feliciano a Foligno",42.956334669693966,12.703808616103325

474,"4129273","Torre di Borghetto",43.18612301408484,12.024477434868881

475,"4640134","Teatro romano - Gubbio",43.35183628647995,12.572436600936431

476,"4135215","Ipogeo di Villa Sperandio",43.1231195767895,12.38670615984459

477,"4129307","Campanile di San Vito",41.90271275,12.496246632862682

478,"4802408","Antica Pieve di San Cristoforo",41.90271275,12.496246632862682

479,"4803248","Il borgo di Montecolognola",43.0252542017505,12.433822890809903

480,"4838187","Forra di Rio Freddo",43.3997701,12.7333944

481,"4854244","Castello delle Forme - Marsciano",42.979615680077785,12.355416742417665

482,"4893784","Percorso tematico delle Madonne della Misericordia - Marsciano",42.91073366439406,12.337416120340269

483,"4895425","Alla scoperta di Marsciano e i suoi borghi - Castiglione Della Valle, Monticelli, San Biagio della Valle e Badiola",42.91073366439406,12.337416120340269

484,"4894144","Museo storico del tabacco",43.54943685940495,12.175561656835404

485,"4136620","Rasiglia e le sue sorgenti",42.960430474052636,12.857417240339954

486,"2966118","Olio Extravergine d'Oliva",42.55067108999106,12.508413868271038

487,"4830380","Palio della Brocca - Deruta",42.98216974940504,12.419890769303157

488,"4817684","Convento di Santa Maria Assunta Della Spineta - Fratta Todina",42.85914418158622,12.333430937264547

489,"4804889","Le antiche fornaci a Deruta",42.981611422163226,12.421088680060247

490,"4769809","Chiesa della Madonna Del Fanciullo - Deruta",42.98868423845551,12.392599460258829

491,"4805698","Castelleone - Deruta",42.9595425940769,12.437983954502672

492,"4808443","Festival Musica Per I Borghi - l'appuntamento estivo con la musica di qualità",42.95478703579608,12.72475867917806

493,"4818347","Chiesa di Sant'Antonio Abate - Deruta",42.98255004087146,12.420451637076283

494,"4716451","Civitella dei Conti- San Venanzo",42.90123914985114,12.294663691684432

495,"4814378","Parco delle sculture a Brufa",43.05856777619312,12.47166873648274

496,"4132331","Museo della Città  di Cannara",42.99547685934439,12.582099942556578

497,"4800006","Grechetto di Todi",42.78234841470683,12.406457474801933

498,"4131173","Campo del Sole",43.19243277128396,12.07795950877704

499,"4130987","Castello di Sant' Apollinare",42.98842905627602,12.261588151482888

500,"4771020","Collelungo, un borgo fortificato a due passi da San Venanzo",42.71379514842672,12.354619995267361

501,"4804532","Castello di Spina - Marsciano",42.98593109209359,12.280122323485443

502,"4811447","Palio delle Botti a Marsciano",42.91073366439406,12.337416120340269

503,"4805073","Fonti del Clitunno",42.83346664641461,12.767826201069678

504,"4129342","Vini Doc e Docg Torgiano",43.0273036218934,12.4323888577472

505,"4138093","Campello sul Clitunno Alta",42.82842797070849,12.784850971953977

506,"4132044","Fontana in memoria dei Caduti di Ivan Theimer",42.955956647510725,12.702099801708158

507,"4135781","Palazzo Trinci - Foligno",42.956375270706765,12.702995088975392

508,"4129325","Chiesa Collegiata San NicolÃ²",42.498148949578656,12.662421170528516

509,"4129137","Abbazia di San Felice",42.8436750322803,12.568346804976398

510,"4130459","Il borgo di Poreta",42.80906894610152,12.784821605017518

511,"4129804","Bosco di Piegaro",42.96225348513428,12.057641614014345

512,"4686993","Abbazia di San Secondo e Monastero Olivetano",43.1270568,12.0378

513,"4666551","Borgo/Castello di San Savino",43.1048242498929,12.190356087070471

514,"4669442","Teatro della Concordia",42.840775604868675,12.351964042354945

515,"4136569","Casa Contadina / Granaio della Memoria - Chiesa di San Felice Papa",43.07560288385887,12.049115248977655

516,"4741824","Borga Sala",43.00196910732913,12.14551433777667

517,"4741394","Quercia secolare e Necropoli di Bruscalupo",41.90271275,12.496246632862682

518,"4741645","Scalette di San Bernardino",43.18386298273225,12.137521334020466

519,"4753977","Basilica di San Salvatore a Spoleto",42.74184967733438,12.743169068888626

520,"4129206","Cattedrale di Santa Maria Assunta a Spoleto",42.73517995888287,12.740159451922874

521,"4131738","Vini Doc Spoleto",42.73440445915561,12.738145708603971

522,"4131616","Santuario della Madonna Bianca",42.82038712668023,12.777163879793166

523,"4132798","Palazzo Collicola Arti Visive di Spoleto",42.734730144024255,12.734242728624357

524,"4131685","Museo Paleontologico ""Luigi Boldrini""",42.99155882758572,12.20845185174427

525,"4137162","Villa dei Mosaici di Spello",42.98814702543744,12.674218857276712

526,"4129427","Castello di Poggio - Valtopina",43.06697073282801,12.76452204179498

527,"4131309","Palazzo Baglioni - Spello",42.99159565667841,12.671716419448847

528,"4133194","Chiesa di San Girolamo - Spello",43.000974598367634,12.678032711720242

529,"4133434","Chiesa di Sant'Andrea Apostolo",42.990598755497246,12.67160319386032

530,"4133416","Perugia Vecchia Park - Bettona",42.975466348758495,12.475970244868542

531,"4745575","Museo Arte Ceramica Contemporanea - Torgiano",43.02519434374888,12.434930785746445

532,"4830204","Palazzo Graziani Baglioni - Torgiano",43.02577436054916,12.433558487877823

533,"4840872","Molino Silvestri - Torgiano",43.022070289795316,12.438879479233329

534,"4793529","Fabbrica della Birra di Perugia - Torgiano",43.02513446192355,12.414450515037267

535,"4855769","Chiesa San Bartolomeo - Torgiano",43.02537276813685,12.43500083930896

536,"4918283","Il parco Fluviale ""Parco dei mulini"" - Torgiano",43.025023973865345,12.445608734243415

537,"4736124","Chiesa San Matteo - Cannara",42.99395689734701,12.583681153356075

538,"4916028","Chiesa della buona morte - Cannara",42.995803512528106,12.58214200490215

539,"4916071","Tomba Etrusca - Bettona",43.01466133585342,12.478920634622765

540,"4918471","Il Sacro Tugurio di San Francesco - Palazzo Majolica-Landrini - Cannara",42.99566855701537,12.582089545191575

541,"4915923","Chiesa di Santa Maria della Misericordia - Bettona",43.01358844421068,12.48427593700899

542,"4919920","Torre del Molinaccio - Bettona",43.02018357394575,12.485705659840962

543,"4918428","Convento di Sant'Antonio - Bettona",43.01309559593602,12.489905025182328

544,"4918385","Chiesa di San Crispolto - Bettona",43.01373695511619,12.485055340996665

545,"4914556","Oratorio di Sant'Andrea - Bettona",43.01380952320806,12.484391437282994

546,"4916114","Chiesa San Francesco - Bettona",43.013363396924056,12.484283313244697

547,"4916157","Le Cascate del Menotre",42.983179223472746,12.768968535167181

548,"4435568","Chiesa di San Michele Arcangelo",43.12008087242752,12.385306550550593

549,"4137939","Teatro Romano - Spoleto",42.73324858774789,12.735106077306492

550,"4129238","Teodelapio",42.747625728176025,12.736437329550085

551,"4131649","Trekking urbano a Parco Sant'Angelo a Perugia",43.11717805517046,12.390437549051171

552,"4611344","Spello, uno dei borghi più belli d'Italia",42.99187232713144,12.671526633504197

553,"4138424","Duomo - Nocera Umbra",43.10991216746233,12.790657047839094

554,"4138052","Palazzo della Penna",43.10781398014901,12.389463438659451

555,"4135492","Palazzo della Corgna",43.127367045265814,12.05382577899496

556,"4130555","Basilica di San Valentino a Terni",42.546882147264476,12.64286146795929

557,"4132278","Piazza Grande - Gubbio",43.353419589117635,12.578866310476014

558,"4135198","Panicale, il borgo che domina il lago Trasimeno",43.02912705201279,12.09942645257437

559,"4137093","Santuario della Madonna delle Lacrime di Trevi",42.87476380693778,12.750173930752204

560,"4132095","Le sorgenti di Nocera Umbra",43.1134745935327,12.787577543069062

561,"4138001","Parco del Monte Subasio",43.067157437925154,12.652243260008001

562,"4132348","Chiesa di San Claudio",42.99695071717615,12.665255297379332

563,"4133451","Duomo di Santa Maria Assunta in Cielo",42.71700005,12.113599653863403

564,"2966231","Anguilla del Lago Trasimeno",43.127141,12.04525

565,"4129190","Abbazia dei Santi Fidenzio e Terenzio",42.78336513231363,12.507720503744602

566,"4136790","Basilica di San Francesco ad Assisi",43.07497417640122,12.605400083879353

567,"4132885","Chiesa di Santa Maria Giacobbe",42.98333697130561,12.775311178983944

568,"4430661","La Rocca Albornoziana di Spoleto",42.73431214574395,12.741891383534538

569,"2966215","La Cappella Baglioni nella Chiesa di Santa Maria Maggiore - Spello",42.98982062840463,12.671931815643669

570,"4133160","Museo delle Mummie di Ferentillo",42.61836939319277,12.794965519580458

571,"4138255","Agliano- antico borgo lungo la via della Spina",42.86379604060701,12.87179564513906

572,"5033571","Parco Archeologico di Carsulae",42.63879824601749,12.563515962327617

573,"4132026","Abbazia di San Salvatore di Montecorona",43.28344087750534,12.355309478067278

574,"4131156","Oratorio di Santa Maria dei Bianchi",42.95482103112865,12.003899421930884

575,"4130969","MOO- Museo dell'Olivo e dell'Olio",43.025311380813136,12.434177489831004

576,"4138238","Museo del Vino (MUVIT)",43.025798739302964,12.433480321712256

577,"4132244","L'Eremo delle Carceri, il ritiro di San Francesco",43.06282427469959,12.648518537331826

578,"5008552","LâOratorio della Nunziatella di Foligno con il Battesimo di Cristo del Perugino",42.95610056729246,12.704932107477285

579,"4951036","Ponte delle Torri di Spoleto",42.732895196591976,12.743908362722784

580,"4131632","Chiesa dei Santi Gervasio e Protasio di Città della Pieve",42.95260139348129,12.00405635401618

581,"4130641","Guanciale o Barbozzo",42.93811975,12.621451100611427

582,"4129918","Museo della Ceramica - Deruta",42.98241358441117,12.41972572992321

583,"4135731","Pinacoteca comunale- Deruta",42.98211747890176,12.420112051788916

584,"4135764","Palazzo Ducale - Giove",42.509502959060484,12.324038223895505

585,"4137719","Il Perugino in mostra a Bettona",43.01309443167439,12.484699911007226

586,"5009579","La Chiesa di San Sebastiano - Panicale",43.02971465220153,12.102754533488323

587,"4137127","Antiquarium - Corciano",43.128058485341846,12.285760197812541

588,"4133819","Abbazia di San Pietro",43.10140491937757,12.395596657680542

589,"4135509","Museo della Città e Pinacoteca - Bettona",43.0130961723367,12.484699205120487

590,"4799951","Zafferano, l'ingrediente dell'amore",43.10634896697565,12.376511352695395

591,"4130329","Castello di Compignano e le sue tradizioni",42.9483590652172,12.28023178874253

592,"4804979","Castello di Monticelli â Marsciano",43.01614949826314,12.263531204390937

593,"4916472","Chiesa di Santa Maria della Consolazione",42.7779380078164,12.40187682811843

594,"4131106","Museo dei mestieri in bicicletta",43.3525003,12.58054816493174

595,"4624453","Chiesa di San Domenico",43.45553084960985,12.23956496788178

596,"4132435","Gole del Forello",42.72929677562404,12.308608271345001

597,"4131395","Abbazia di Santa Maria di Sitria",43.451048931266,12.75187937425086

598,"4134647","Museo di fabbrica ""Ubaldo Grazia Maioliche"" - Deruta",42.98546368011696,12.419316299084011

599,"4135713","Acquedotto Duecentesco",43.11390472208729,12.388422634986027

600,"4135475","Piazza del Popolo a Todi",42.782348634152896,12.406527582157892

601,"4131139","Abbazia di Santa Croce di Sassovivo",42.95674669073725,12.762343972894099

602,"4129393","Edicola Piandarca",42.97682666167933,12.570570851034091

603,"4131429","La tomba del Perugino a Fontignano",43.026517538595705,12.191819212133755

604,"5078170","Il Perugino a Spello",42.989818844175176,12.671937676354592

605,"5009867","Complesso museale di San Francesco a Montefalco",42.89440033369117,12.652952257664362

606,"5060069","Complesso museale di San Francesco a Montefalco",42.89440033369117,12.652952257664362

607,"4456874","Fuseum",43.13462581187731,12.345756147092976

608,"5037208","Camera Dipinta O'Doherty",42.78336008645059,12.407191191804444

609,"5037175","Nobile Collegio del Cambio - Perugia",43.11119352110465,12.38832931583591

610,"4135543","Chiesa dei Santi Pietro e Paolo a Città della Pieve",42.95152258262407,12.000761621958283

611,"5086159","Il Castello di Pupaggi lungo la via della Spina",42.88928859265829,12.887834627160817

612,"5076436","Giardini del Frontone",43.10082413645039,12.394901282731086

613,"4971320","Galleria Nazionale dell'Umbria",43.11161360524267,12.388631676744971

614,"4135441","Chiesa di Santa Maria dei Servi",42.95128988307542,12.004628490494929

615,"4130659","Museo CAOS (Centro per le Arti Opificio Siri)",42.5592121708204,12.652568617835161

616,"4132261","Chiesa di Santa Maria Maggiore - Spello",42.98982062840463,12.671931815643669

617,"4133382","Studio Moretti-Caselli",43.10793215591866,12.387278222275224

618,"4965224","Cappella di San Severo - Perugia",43.112871195399535,12.392200671000493

619,"4135595","Palazzo Baldeschi al Corso",43.110435342271934,12.388502963376665 

620,"4903913","LA TORRE di Sol LeWitt a Campello sul Clitunno",42.82041305087105,12.77659522886648

621,"4964105","CIAC, Centro Italiano Arte Contemporanea",42.95343173445913,12.704776165552186

622,"4978252","Il borgo fantasma di Scoppio",42.72881718450853,12.597734378060187

623,"5130018","Castello di Montoro",42.50498859220761,12.469188917154128

624,"5102354","Chiesa di Santa Caterina",42.754277993964585,12.863012174374862

